question,answer
What is topic number 1?,"Topic number 1 refers to the detailed explanation about subject 1, including key points and examples."
What is topic number 2?,"Topic number 2 refers to the detailed explanation about subject 2, including key points and examples."
What is topic number 3?,"Topic number 3 refers to the detailed explanation about subject 3, including key points and examples."
What is topic number 4?,"Topic number 4 refers to the detailed explanation about subject 4, including key points and examples."
What is topic number 5?,"Topic number 5 refers to the detailed explanation about subject 5, including key points and examples."
What is topic number 6?,"Topic number 6 refers to the detailed explanation about subject 6, including key points and examples."
What is topic number 7?,"Topic number 7 refers to the detailed explanation about subject 7, including key points and examples."
What is topic number 8?,"Topic number 8 refers to the detailed explanation about subject 8, including key points and examples."
What is topic number 9?,"Topic number 9 refers to the detailed explanation about subject 9, including key points and examples."
What is topic number 10?,"Topic number 10 refers to the detailed explanation about subject 10, including key points and examples."
What is topic number 11?,"Topic number 11 refers to the detailed explanation about subject 11, including key points and examples."
What is topic number 12?,"Topic number 12 refers to the detailed explanation about subject 12, including key points and examples."
What is topic number 13?,"Topic number 13 refers to the detailed explanation about subject 13, including key points and examples."
What is topic number 14?,"Topic number 14 refers to the detailed explanation about subject 14, including key points and examples."
What is topic number 15?,"Topic number 15 refers to the detailed explanation about subject 15, including key points and examples."
What is topic number 16?,"Topic number 16 refers to the detailed explanation about subject 16, including key points and examples."
What is topic number 17?,"Topic number 17 refers to the detailed explanation about subject 17, including key points and examples."
What is topic number 18?,"Topic number 18 refers to the detailed explanation about subject 18, including key points and examples."
What is topic number 19?,"Topic number 19 refers to the detailed explanation about subject 19, including key points and examples."
What is topic number 20?,"Topic number 20 refers to the detailed explanation about subject 20, including key points and examples."
What is topic number 21?,"Topic number 21 refers to the detailed explanation about subject 21, including key points and examples."
What is topic number 22?,"Topic number 22 refers to the detailed explanation about subject 22, including key points and examples."
What is topic number 23?,"Topic number 23 refers to the detailed explanation about subject 23, including key points and examples."
What is topic number 24?,"Topic number 24 refers to the detailed explanation about subject 24, including key points and examples."
What is topic number 25?,"Topic number 25 refers to the detailed explanation about subject 25, including key points and examples."
What is topic number 26?,"Topic number 26 refers to the detailed explanation about subject 26, including key points and examples."
What is topic number 27?,"Topic number 27 refers to the detailed explanation about subject 27, including key points and examples."
What is topic number 28?,"Topic number 28 refers to the detailed explanation about subject 28, including key points and examples."
What is topic number 29?,"Topic number 29 refers to the detailed explanation about subject 29, including key points and examples."
What is topic number 30?,"Topic number 30 refers to the detailed explanation about subject 30, including key points and examples."
What is topic number 31?,"Topic number 31 refers to the detailed explanation about subject 31, including key points and examples."
What is topic number 32?,"Topic number 32 refers to the detailed explanation about subject 32, including key points and examples."
What is topic number 33?,"Topic number 33 refers to the detailed explanation about subject 33, including key points and examples."
What is topic number 34?,"Topic number 34 refers to the detailed explanation about subject 34, including key points and examples."
What is topic number 35?,"Topic number 35 refers to the detailed explanation about subject 35, including key points and examples."
What is topic number 36?,"Topic number 36 refers to the detailed explanation about subject 36, including key points and examples."
What is topic number 37?,"Topic number 37 refers to the detailed explanation about subject 37, including key points and examples."
What is topic number 38?,"Topic number 38 refers to the detailed explanation about subject 38, including key points and examples."
What is topic number 39?,"Topic number 39 refers to the detailed explanation about subject 39, including key points and examples."
What is topic number 40?,"Topic number 40 refers to the detailed explanation about subject 40, including key points and examples."
What is topic number 41?,"Topic number 41 refers to the detailed explanation about subject 41, including key points and examples."
What is topic number 42?,"Topic number 42 refers to the detailed explanation about subject 42, including key points and examples."
What is topic number 43?,"Topic number 43 refers to the detailed explanation about subject 43, including key points and examples."
What is topic number 44?,"Topic number 44 refers to the detailed explanation about subject 44, including key points and examples."
What is topic number 45?,"Topic number 45 refers to the detailed explanation about subject 45, including key points and examples."
What is topic number 46?,"Topic number 46 refers to the detailed explanation about subject 46, including key points and examples."
What is topic number 47?,"Topic number 47 refers to the detailed explanation about subject 47, including key points and examples."
What is topic number 48?,"Topic number 48 refers to the detailed explanation about subject 48, including key points and examples."
What is topic number 49?,"Topic number 49 refers to the detailed explanation about subject 49, including key points and examples."
What is topic number 50?,"Topic number 50 refers to the detailed explanation about subject 50, including key points and examples."
What is topic number 51?,"Topic number 51 refers to the detailed explanation about subject 51, including key points and examples."
What is topic number 52?,"Topic number 52 refers to the detailed explanation about subject 52, including key points and examples."
What is topic number 53?,"Topic number 53 refers to the detailed explanation about subject 53, including key points and examples."
What is topic number 54?,"Topic number 54 refers to the detailed explanation about subject 54, including key points and examples."
What is topic number 55?,"Topic number 55 refers to the detailed explanation about subject 55, including key points and examples."
What is topic number 56?,"Topic number 56 refers to the detailed explanation about subject 56, including key points and examples."
What is topic number 57?,"Topic number 57 refers to the detailed explanation about subject 57, including key points and examples."
What is topic number 58?,"Topic number 58 refers to the detailed explanation about subject 58, including key points and examples."
What is topic number 59?,"Topic number 59 refers to the detailed explanation about subject 59, including key points and examples."
What is topic number 60?,"Topic number 60 refers to the detailed explanation about subject 60, including key points and examples."
What is topic number 61?,"Topic number 61 refers to the detailed explanation about subject 61, including key points and examples."
What is topic number 62?,"Topic number 62 refers to the detailed explanation about subject 62, including key points and examples."
What is topic number 63?,"Topic number 63 refers to the detailed explanation about subject 63, including key points and examples."
What is topic number 64?,"Topic number 64 refers to the detailed explanation about subject 64, including key points and examples."
What is topic number 65?,"Topic number 65 refers to the detailed explanation about subject 65, including key points and examples."
What is topic number 66?,"Topic number 66 refers to the detailed explanation about subject 66, including key points and examples."
What is topic number 67?,"Topic number 67 refers to the detailed explanation about subject 67, including key points and examples."
What is topic number 68?,"Topic number 68 refers to the detailed explanation about subject 68, including key points and examples."
What is topic number 69?,"Topic number 69 refers to the detailed explanation about subject 69, including key points and examples."
What is topic number 70?,"Topic number 70 refers to the detailed explanation about subject 70, including key points and examples."
What is topic number 71?,"Topic number 71 refers to the detailed explanation about subject 71, including key points and examples."
What is topic number 72?,"Topic number 72 refers to the detailed explanation about subject 72, including key points and examples."
What is topic number 73?,"Topic number 73 refers to the detailed explanation about subject 73, including key points and examples."
What is topic number 74?,"Topic number 74 refers to the detailed explanation about subject 74, including key points and examples."
What is topic number 75?,"Topic number 75 refers to the detailed explanation about subject 75, including key points and examples."
What is topic number 76?,"Topic number 76 refers to the detailed explanation about subject 76, including key points and examples."
What is topic number 77?,"Topic number 77 refers to the detailed explanation about subject 77, including key points and examples."
What is topic number 78?,"Topic number 78 refers to the detailed explanation about subject 78, including key points and examples."
What is topic number 79?,"Topic number 79 refers to the detailed explanation about subject 79, including key points and examples."
What is topic number 80?,"Topic number 80 refers to the detailed explanation about subject 80, including key points and examples."
What is topic number 81?,"Topic number 81 refers to the detailed explanation about subject 81, including key points and examples."
What is topic number 82?,"Topic number 82 refers to the detailed explanation about subject 82, including key points and examples."
What is topic number 83?,"Topic number 83 refers to the detailed explanation about subject 83, including key points and examples."
What is topic number 84?,"Topic number 84 refers to the detailed explanation about subject 84, including key points and examples."
What is topic number 85?,"Topic number 85 refers to the detailed explanation about subject 85, including key points and examples."
What is topic number 86?,"Topic number 86 refers to the detailed explanation about subject 86, including key points and examples."
What is topic number 87?,"Topic number 87 refers to the detailed explanation about subject 87, including key points and examples."
What is topic number 88?,"Topic number 88 refers to the detailed explanation about subject 88, including key points and examples."
What is topic number 89?,"Topic number 89 refers to the detailed explanation about subject 89, including key points and examples."
What is topic number 90?,"Topic number 90 refers to the detailed explanation about subject 90, including key points and examples."
What is topic number 91?,"Topic number 91 refers to the detailed explanation about subject 91, including key points and examples."
What is topic number 92?,"Topic number 92 refers to the detailed explanation about subject 92, including key points and examples."
What is topic number 93?,"Topic number 93 refers to the detailed explanation about subject 93, including key points and examples."
What is topic number 94?,"Topic number 94 refers to the detailed explanation about subject 94, including key points and examples."
What is topic number 95?,"Topic number 95 refers to the detailed explanation about subject 95, including key points and examples."
What is topic number 96?,"Topic number 96 refers to the detailed explanation about subject 96, including key points and examples."
What is topic number 97?,"Topic number 97 refers to the detailed explanation about subject 97, including key points and examples."
What is topic number 98?,"Topic number 98 refers to the detailed explanation about subject 98, including key points and examples."
What is topic number 99?,"Topic number 99 refers to the detailed explanation about subject 99, including key points and examples."
What is topic number 100?,"Topic number 100 refers to the detailed explanation about subject 100, including key points and examples."
What is topic number 101?,"Topic number 101 refers to the detailed explanation about subject 101, including key points and examples."
What is topic number 102?,"Topic number 102 refers to the detailed explanation about subject 102, including key points and examples."
What is topic number 103?,"Topic number 103 refers to the detailed explanation about subject 103, including key points and examples."
What is topic number 104?,"Topic number 104 refers to the detailed explanation about subject 104, including key points and examples."
What is topic number 105?,"Topic number 105 refers to the detailed explanation about subject 105, including key points and examples."
What is topic number 106?,"Topic number 106 refers to the detailed explanation about subject 106, including key points and examples."
What is topic number 107?,"Topic number 107 refers to the detailed explanation about subject 107, including key points and examples."
What is topic number 108?,"Topic number 108 refers to the detailed explanation about subject 108, including key points and examples."
What is topic number 109?,"Topic number 109 refers to the detailed explanation about subject 109, including key points and examples."
What is topic number 110?,"Topic number 110 refers to the detailed explanation about subject 110, including key points and examples."
What is topic number 111?,"Topic number 111 refers to the detailed explanation about subject 111, including key points and examples."
What is topic number 112?,"Topic number 112 refers to the detailed explanation about subject 112, including key points and examples."
What is topic number 113?,"Topic number 113 refers to the detailed explanation about subject 113, including key points and examples."
What is topic number 114?,"Topic number 114 refers to the detailed explanation about subject 114, including key points and examples."
What is topic number 115?,"Topic number 115 refers to the detailed explanation about subject 115, including key points and examples."
What is topic number 116?,"Topic number 116 refers to the detailed explanation about subject 116, including key points and examples."
What is topic number 117?,"Topic number 117 refers to the detailed explanation about subject 117, including key points and examples."
What is topic number 118?,"Topic number 118 refers to the detailed explanation about subject 118, including key points and examples."
What is topic number 119?,"Topic number 119 refers to the detailed explanation about subject 119, including key points and examples."
What is topic number 120?,"Topic number 120 refers to the detailed explanation about subject 120, including key points and examples."
What is topic number 121?,"Topic number 121 refers to the detailed explanation about subject 121, including key points and examples."
What is topic number 122?,"Topic number 122 refers to the detailed explanation about subject 122, including key points and examples."
What is topic number 123?,"Topic number 123 refers to the detailed explanation about subject 123, including key points and examples."
What is topic number 124?,"Topic number 124 refers to the detailed explanation about subject 124, including key points and examples."
What is topic number 125?,"Topic number 125 refers to the detailed explanation about subject 125, including key points and examples."
What is topic number 126?,"Topic number 126 refers to the detailed explanation about subject 126, including key points and examples."
What is topic number 127?,"Topic number 127 refers to the detailed explanation about subject 127, including key points and examples."
What is topic number 128?,"Topic number 128 refers to the detailed explanation about subject 128, including key points and examples."
What is topic number 129?,"Topic number 129 refers to the detailed explanation about subject 129, including key points and examples."
What is topic number 130?,"Topic number 130 refers to the detailed explanation about subject 130, including key points and examples."
What is topic number 131?,"Topic number 131 refers to the detailed explanation about subject 131, including key points and examples."
What is topic number 132?,"Topic number 132 refers to the detailed explanation about subject 132, including key points and examples."
What is topic number 133?,"Topic number 133 refers to the detailed explanation about subject 133, including key points and examples."
What is topic number 134?,"Topic number 134 refers to the detailed explanation about subject 134, including key points and examples."
What is topic number 135?,"Topic number 135 refers to the detailed explanation about subject 135, including key points and examples."
What is topic number 136?,"Topic number 136 refers to the detailed explanation about subject 136, including key points and examples."
What is topic number 137?,"Topic number 137 refers to the detailed explanation about subject 137, including key points and examples."
What is topic number 138?,"Topic number 138 refers to the detailed explanation about subject 138, including key points and examples."
What is topic number 139?,"Topic number 139 refers to the detailed explanation about subject 139, including key points and examples."
What is topic number 140?,"Topic number 140 refers to the detailed explanation about subject 140, including key points and examples."
What is topic number 141?,"Topic number 141 refers to the detailed explanation about subject 141, including key points and examples."
What is topic number 142?,"Topic number 142 refers to the detailed explanation about subject 142, including key points and examples."
What is topic number 143?,"Topic number 143 refers to the detailed explanation about subject 143, including key points and examples."
What is topic number 144?,"Topic number 144 refers to the detailed explanation about subject 144, including key points and examples."
What is topic number 145?,"Topic number 145 refers to the detailed explanation about subject 145, including key points and examples."
What is topic number 146?,"Topic number 146 refers to the detailed explanation about subject 146, including key points and examples."
What is topic number 147?,"Topic number 147 refers to the detailed explanation about subject 147, including key points and examples."
What is topic number 148?,"Topic number 148 refers to the detailed explanation about subject 148, including key points and examples."
What is topic number 149?,"Topic number 149 refers to the detailed explanation about subject 149, including key points and examples."
What is topic number 150?,"Topic number 150 refers to the detailed explanation about subject 150, including key points and examples."
What is topic number 151?,"Topic number 151 refers to the detailed explanation about subject 151, including key points and examples."
What is topic number 152?,"Topic number 152 refers to the detailed explanation about subject 152, including key points and examples."
What is topic number 153?,"Topic number 153 refers to the detailed explanation about subject 153, including key points and examples."
What is topic number 154?,"Topic number 154 refers to the detailed explanation about subject 154, including key points and examples."
What is topic number 155?,"Topic number 155 refers to the detailed explanation about subject 155, including key points and examples."
What is topic number 156?,"Topic number 156 refers to the detailed explanation about subject 156, including key points and examples."
What is topic number 157?,"Topic number 157 refers to the detailed explanation about subject 157, including key points and examples."
What is topic number 158?,"Topic number 158 refers to the detailed explanation about subject 158, including key points and examples."
What is topic number 159?,"Topic number 159 refers to the detailed explanation about subject 159, including key points and examples."
What is topic number 160?,"Topic number 160 refers to the detailed explanation about subject 160, including key points and examples."
What is topic number 161?,"Topic number 161 refers to the detailed explanation about subject 161, including key points and examples."
What is topic number 162?,"Topic number 162 refers to the detailed explanation about subject 162, including key points and examples."
What is topic number 163?,"Topic number 163 refers to the detailed explanation about subject 163, including key points and examples."
What is topic number 164?,"Topic number 164 refers to the detailed explanation about subject 164, including key points and examples."
What is topic number 165?,"Topic number 165 refers to the detailed explanation about subject 165, including key points and examples."
What is topic number 166?,"Topic number 166 refers to the detailed explanation about subject 166, including key points and examples."
What is topic number 167?,"Topic number 167 refers to the detailed explanation about subject 167, including key points and examples."
What is topic number 168?,"Topic number 168 refers to the detailed explanation about subject 168, including key points and examples."
What is topic number 169?,"Topic number 169 refers to the detailed explanation about subject 169, including key points and examples."
What is topic number 170?,"Topic number 170 refers to the detailed explanation about subject 170, including key points and examples."
What is topic number 171?,"Topic number 171 refers to the detailed explanation about subject 171, including key points and examples."
What is topic number 172?,"Topic number 172 refers to the detailed explanation about subject 172, including key points and examples."
What is topic number 173?,"Topic number 173 refers to the detailed explanation about subject 173, including key points and examples."
What is topic number 174?,"Topic number 174 refers to the detailed explanation about subject 174, including key points and examples."
What is topic number 175?,"Topic number 175 refers to the detailed explanation about subject 175, including key points and examples."
What is topic number 176?,"Topic number 176 refers to the detailed explanation about subject 176, including key points and examples."
What is topic number 177?,"Topic number 177 refers to the detailed explanation about subject 177, including key points and examples."
What is topic number 178?,"Topic number 178 refers to the detailed explanation about subject 178, including key points and examples."
What is topic number 179?,"Topic number 179 refers to the detailed explanation about subject 179, including key points and examples."
What is topic number 180?,"Topic number 180 refers to the detailed explanation about subject 180, including key points and examples."
What is topic number 181?,"Topic number 181 refers to the detailed explanation about subject 181, including key points and examples."
What is topic number 182?,"Topic number 182 refers to the detailed explanation about subject 182, including key points and examples."
What is topic number 183?,"Topic number 183 refers to the detailed explanation about subject 183, including key points and examples."
What is topic number 184?,"Topic number 184 refers to the detailed explanation about subject 184, including key points and examples."
What is topic number 185?,"Topic number 185 refers to the detailed explanation about subject 185, including key points and examples."
What is topic number 186?,"Topic number 186 refers to the detailed explanation about subject 186, including key points and examples."
What is topic number 187?,"Topic number 187 refers to the detailed explanation about subject 187, including key points and examples."
What is topic number 188?,"Topic number 188 refers to the detailed explanation about subject 188, including key points and examples."
What is topic number 189?,"Topic number 189 refers to the detailed explanation about subject 189, including key points and examples."
What is topic number 190?,"Topic number 190 refers to the detailed explanation about subject 190, including key points and examples."
What is topic number 191?,"Topic number 191 refers to the detailed explanation about subject 191, including key points and examples."
What is topic number 192?,"Topic number 192 refers to the detailed explanation about subject 192, including key points and examples."
What is topic number 193?,"Topic number 193 refers to the detailed explanation about subject 193, including key points and examples."
What is topic number 194?,"Topic number 194 refers to the detailed explanation about subject 194, including key points and examples."
What is topic number 195?,"Topic number 195 refers to the detailed explanation about subject 195, including key points and examples."
What is topic number 196?,"Topic number 196 refers to the detailed explanation about subject 196, including key points and examples."
What is topic number 197?,"Topic number 197 refers to the detailed explanation about subject 197, including key points and examples."
What is topic number 198?,"Topic number 198 refers to the detailed explanation about subject 198, including key points and examples."
What is topic number 199?,"Topic number 199 refers to the detailed explanation about subject 199, including key points and examples."
What is topic number 200?,"Topic number 200 refers to the detailed explanation about subject 200, including key points and examples."
What is topic number 201?,"Topic number 201 refers to the detailed explanation about subject 201, including key points and examples."
What is topic number 202?,"Topic number 202 refers to the detailed explanation about subject 202, including key points and examples."
What is topic number 203?,"Topic number 203 refers to the detailed explanation about subject 203, including key points and examples."
What is topic number 204?,"Topic number 204 refers to the detailed explanation about subject 204, including key points and examples."
What is topic number 205?,"Topic number 205 refers to the detailed explanation about subject 205, including key points and examples."
What is topic number 206?,"Topic number 206 refers to the detailed explanation about subject 206, including key points and examples."
What is topic number 207?,"Topic number 207 refers to the detailed explanation about subject 207, including key points and examples."
What is topic number 208?,"Topic number 208 refers to the detailed explanation about subject 208, including key points and examples."
What is topic number 209?,"Topic number 209 refers to the detailed explanation about subject 209, including key points and examples."
What is topic number 210?,"Topic number 210 refers to the detailed explanation about subject 210, including key points and examples."
What is topic number 211?,"Topic number 211 refers to the detailed explanation about subject 211, including key points and examples."
What is topic number 212?,"Topic number 212 refers to the detailed explanation about subject 212, including key points and examples."
What is topic number 213?,"Topic number 213 refers to the detailed explanation about subject 213, including key points and examples."
What is topic number 214?,"Topic number 214 refers to the detailed explanation about subject 214, including key points and examples."
What is topic number 215?,"Topic number 215 refers to the detailed explanation about subject 215, including key points and examples."
What is topic number 216?,"Topic number 216 refers to the detailed explanation about subject 216, including key points and examples."
What is topic number 217?,"Topic number 217 refers to the detailed explanation about subject 217, including key points and examples."
What is topic number 218?,"Topic number 218 refers to the detailed explanation about subject 218, including key points and examples."
What is topic number 219?,"Topic number 219 refers to the detailed explanation about subject 219, including key points and examples."
What is topic number 220?,"Topic number 220 refers to the detailed explanation about subject 220, including key points and examples."
What is topic number 221?,"Topic number 221 refers to the detailed explanation about subject 221, including key points and examples."
What is topic number 222?,"Topic number 222 refers to the detailed explanation about subject 222, including key points and examples."
What is topic number 223?,"Topic number 223 refers to the detailed explanation about subject 223, including key points and examples."
What is topic number 224?,"Topic number 224 refers to the detailed explanation about subject 224, including key points and examples."
What is topic number 225?,"Topic number 225 refers to the detailed explanation about subject 225, including key points and examples."
What is topic number 226?,"Topic number 226 refers to the detailed explanation about subject 226, including key points and examples."
What is topic number 227?,"Topic number 227 refers to the detailed explanation about subject 227, including key points and examples."
What is topic number 228?,"Topic number 228 refers to the detailed explanation about subject 228, including key points and examples."
What is topic number 229?,"Topic number 229 refers to the detailed explanation about subject 229, including key points and examples."
What is topic number 230?,"Topic number 230 refers to the detailed explanation about subject 230, including key points and examples."
What is topic number 231?,"Topic number 231 refers to the detailed explanation about subject 231, including key points and examples."
What is topic number 232?,"Topic number 232 refers to the detailed explanation about subject 232, including key points and examples."
What is topic number 233?,"Topic number 233 refers to the detailed explanation about subject 233, including key points and examples."
What is topic number 234?,"Topic number 234 refers to the detailed explanation about subject 234, including key points and examples."
What is topic number 235?,"Topic number 235 refers to the detailed explanation about subject 235, including key points and examples."
What is topic number 236?,"Topic number 236 refers to the detailed explanation about subject 236, including key points and examples."
What is topic number 237?,"Topic number 237 refers to the detailed explanation about subject 237, including key points and examples."
What is topic number 238?,"Topic number 238 refers to the detailed explanation about subject 238, including key points and examples."
What is topic number 239?,"Topic number 239 refers to the detailed explanation about subject 239, including key points and examples."
What is topic number 240?,"Topic number 240 refers to the detailed explanation about subject 240, including key points and examples."
What is topic number 241?,"Topic number 241 refers to the detailed explanation about subject 241, including key points and examples."
What is topic number 242?,"Topic number 242 refers to the detailed explanation about subject 242, including key points and examples."
What is topic number 243?,"Topic number 243 refers to the detailed explanation about subject 243, including key points and examples."
What is topic number 244?,"Topic number 244 refers to the detailed explanation about subject 244, including key points and examples."
What is topic number 245?,"Topic number 245 refers to the detailed explanation about subject 245, including key points and examples."
What is topic number 246?,"Topic number 246 refers to the detailed explanation about subject 246, including key points and examples."
What is topic number 247?,"Topic number 247 refers to the detailed explanation about subject 247, including key points and examples."
What is topic number 248?,"Topic number 248 refers to the detailed explanation about subject 248, including key points and examples."
What is topic number 249?,"Topic number 249 refers to the detailed explanation about subject 249, including key points and examples."
What is topic number 250?,"Topic number 250 refers to the detailed explanation about subject 250, including key points and examples."
What is topic number 251?,"Topic number 251 refers to the detailed explanation about subject 251, including key points and examples."
What is topic number 252?,"Topic number 252 refers to the detailed explanation about subject 252, including key points and examples."
What is topic number 253?,"Topic number 253 refers to the detailed explanation about subject 253, including key points and examples."
What is topic number 254?,"Topic number 254 refers to the detailed explanation about subject 254, including key points and examples."
What is topic number 255?,"Topic number 255 refers to the detailed explanation about subject 255, including key points and examples."
What is topic number 256?,"Topic number 256 refers to the detailed explanation about subject 256, including key points and examples."
What is topic number 257?,"Topic number 257 refers to the detailed explanation about subject 257, including key points and examples."
What is topic number 258?,"Topic number 258 refers to the detailed explanation about subject 258, including key points and examples."
What is topic number 259?,"Topic number 259 refers to the detailed explanation about subject 259, including key points and examples."
What is topic number 260?,"Topic number 260 refers to the detailed explanation about subject 260, including key points and examples."
What is topic number 261?,"Topic number 261 refers to the detailed explanation about subject 261, including key points and examples."
What is topic number 262?,"Topic number 262 refers to the detailed explanation about subject 262, including key points and examples."
What is topic number 263?,"Topic number 263 refers to the detailed explanation about subject 263, including key points and examples."
What is topic number 264?,"Topic number 264 refers to the detailed explanation about subject 264, including key points and examples."
What is topic number 265?,"Topic number 265 refers to the detailed explanation about subject 265, including key points and examples."
What is topic number 266?,"Topic number 266 refers to the detailed explanation about subject 266, including key points and examples."
What is topic number 267?,"Topic number 267 refers to the detailed explanation about subject 267, including key points and examples."
What is topic number 268?,"Topic number 268 refers to the detailed explanation about subject 268, including key points and examples."
What is topic number 269?,"Topic number 269 refers to the detailed explanation about subject 269, including key points and examples."
What is topic number 270?,"Topic number 270 refers to the detailed explanation about subject 270, including key points and examples."
What is topic number 271?,"Topic number 271 refers to the detailed explanation about subject 271, including key points and examples."
What is topic number 272?,"Topic number 272 refers to the detailed explanation about subject 272, including key points and examples."
What is topic number 273?,"Topic number 273 refers to the detailed explanation about subject 273, including key points and examples."
What is topic number 274?,"Topic number 274 refers to the detailed explanation about subject 274, including key points and examples."
What is topic number 275?,"Topic number 275 refers to the detailed explanation about subject 275, including key points and examples."
What is topic number 276?,"Topic number 276 refers to the detailed explanation about subject 276, including key points and examples."
What is topic number 277?,"Topic number 277 refers to the detailed explanation about subject 277, including key points and examples."
What is topic number 278?,"Topic number 278 refers to the detailed explanation about subject 278, including key points and examples."
What is topic number 279?,"Topic number 279 refers to the detailed explanation about subject 279, including key points and examples."
What is topic number 280?,"Topic number 280 refers to the detailed explanation about subject 280, including key points and examples."
What is topic number 281?,"Topic number 281 refers to the detailed explanation about subject 281, including key points and examples."
What is topic number 282?,"Topic number 282 refers to the detailed explanation about subject 282, including key points and examples."
What is topic number 283?,"Topic number 283 refers to the detailed explanation about subject 283, including key points and examples."
What is topic number 284?,"Topic number 284 refers to the detailed explanation about subject 284, including key points and examples."
What is topic number 285?,"Topic number 285 refers to the detailed explanation about subject 285, including key points and examples."
What is topic number 286?,"Topic number 286 refers to the detailed explanation about subject 286, including key points and examples."
What is topic number 287?,"Topic number 287 refers to the detailed explanation about subject 287, including key points and examples."
What is topic number 288?,"Topic number 288 refers to the detailed explanation about subject 288, including key points and examples."
What is topic number 289?,"Topic number 289 refers to the detailed explanation about subject 289, including key points and examples."
What is topic number 290?,"Topic number 290 refers to the detailed explanation about subject 290, including key points and examples."
What is topic number 291?,"Topic number 291 refers to the detailed explanation about subject 291, including key points and examples."
What is topic number 292?,"Topic number 292 refers to the detailed explanation about subject 292, including key points and examples."
What is topic number 293?,"Topic number 293 refers to the detailed explanation about subject 293, including key points and examples."
What is topic number 294?,"Topic number 294 refers to the detailed explanation about subject 294, including key points and examples."
What is topic number 295?,"Topic number 295 refers to the detailed explanation about subject 295, including key points and examples."
What is topic number 296?,"Topic number 296 refers to the detailed explanation about subject 296, including key points and examples."
What is topic number 297?,"Topic number 297 refers to the detailed explanation about subject 297, including key points and examples."
What is topic number 298?,"Topic number 298 refers to the detailed explanation about subject 298, including key points and examples."
What is topic number 299?,"Topic number 299 refers to the detailed explanation about subject 299, including key points and examples."
What is topic number 300?,"Topic number 300 refers to the detailed explanation about subject 300, including key points and examples."
What is topic number 301?,"Topic number 301 refers to the detailed explanation about subject 301, including key points and examples."
What is topic number 302?,"Topic number 302 refers to the detailed explanation about subject 302, including key points and examples."
What is topic number 303?,"Topic number 303 refers to the detailed explanation about subject 303, including key points and examples."
What is topic number 304?,"Topic number 304 refers to the detailed explanation about subject 304, including key points and examples."
What is topic number 305?,"Topic number 305 refers to the detailed explanation about subject 305, including key points and examples."
What is topic number 306?,"Topic number 306 refers to the detailed explanation about subject 306, including key points and examples."
What is topic number 307?,"Topic number 307 refers to the detailed explanation about subject 307, including key points and examples."
What is topic number 308?,"Topic number 308 refers to the detailed explanation about subject 308, including key points and examples."
What is topic number 309?,"Topic number 309 refers to the detailed explanation about subject 309, including key points and examples."
What is topic number 310?,"Topic number 310 refers to the detailed explanation about subject 310, including key points and examples."
What is topic number 311?,"Topic number 311 refers to the detailed explanation about subject 311, including key points and examples."
What is topic number 312?,"Topic number 312 refers to the detailed explanation about subject 312, including key points and examples."
What is topic number 313?,"Topic number 313 refers to the detailed explanation about subject 313, including key points and examples."
What is topic number 314?,"Topic number 314 refers to the detailed explanation about subject 314, including key points and examples."
What is topic number 315?,"Topic number 315 refers to the detailed explanation about subject 315, including key points and examples."
What is topic number 316?,"Topic number 316 refers to the detailed explanation about subject 316, including key points and examples."
What is topic number 317?,"Topic number 317 refers to the detailed explanation about subject 317, including key points and examples."
What is topic number 318?,"Topic number 318 refers to the detailed explanation about subject 318, including key points and examples."
What is topic number 319?,"Topic number 319 refers to the detailed explanation about subject 319, including key points and examples."
What is topic number 320?,"Topic number 320 refers to the detailed explanation about subject 320, including key points and examples."
What is topic number 321?,"Topic number 321 refers to the detailed explanation about subject 321, including key points and examples."
What is topic number 322?,"Topic number 322 refers to the detailed explanation about subject 322, including key points and examples."
What is topic number 323?,"Topic number 323 refers to the detailed explanation about subject 323, including key points and examples."
What is topic number 324?,"Topic number 324 refers to the detailed explanation about subject 324, including key points and examples."
What is topic number 325?,"Topic number 325 refers to the detailed explanation about subject 325, including key points and examples."
What is topic number 326?,"Topic number 326 refers to the detailed explanation about subject 326, including key points and examples."
What is topic number 327?,"Topic number 327 refers to the detailed explanation about subject 327, including key points and examples."
What is topic number 328?,"Topic number 328 refers to the detailed explanation about subject 328, including key points and examples."
What is topic number 329?,"Topic number 329 refers to the detailed explanation about subject 329, including key points and examples."
What is topic number 330?,"Topic number 330 refers to the detailed explanation about subject 330, including key points and examples."
What is topic number 331?,"Topic number 331 refers to the detailed explanation about subject 331, including key points and examples."
What is topic number 332?,"Topic number 332 refers to the detailed explanation about subject 332, including key points and examples."
What is topic number 333?,"Topic number 333 refers to the detailed explanation about subject 333, including key points and examples."
What is topic number 334?,"Topic number 334 refers to the detailed explanation about subject 334, including key points and examples."
What is topic number 335?,"Topic number 335 refers to the detailed explanation about subject 335, including key points and examples."
What is topic number 336?,"Topic number 336 refers to the detailed explanation about subject 336, including key points and examples."
What is topic number 337?,"Topic number 337 refers to the detailed explanation about subject 337, including key points and examples."
What is topic number 338?,"Topic number 338 refers to the detailed explanation about subject 338, including key points and examples."
What is topic number 339?,"Topic number 339 refers to the detailed explanation about subject 339, including key points and examples."
What is topic number 340?,"Topic number 340 refers to the detailed explanation about subject 340, including key points and examples."
What is topic number 341?,"Topic number 341 refers to the detailed explanation about subject 341, including key points and examples."
What is topic number 342?,"Topic number 342 refers to the detailed explanation about subject 342, including key points and examples."
What is topic number 343?,"Topic number 343 refers to the detailed explanation about subject 343, including key points and examples."
What is topic number 344?,"Topic number 344 refers to the detailed explanation about subject 344, including key points and examples."
What is topic number 345?,"Topic number 345 refers to the detailed explanation about subject 345, including key points and examples."
What is topic number 346?,"Topic number 346 refers to the detailed explanation about subject 346, including key points and examples."
What is topic number 347?,"Topic number 347 refers to the detailed explanation about subject 347, including key points and examples."
What is topic number 348?,"Topic number 348 refers to the detailed explanation about subject 348, including key points and examples."
What is topic number 349?,"Topic number 349 refers to the detailed explanation about subject 349, including key points and examples."
What is topic number 350?,"Topic number 350 refers to the detailed explanation about subject 350, including key points and examples."
What is topic number 351?,"Topic number 351 refers to the detailed explanation about subject 351, including key points and examples."
What is topic number 352?,"Topic number 352 refers to the detailed explanation about subject 352, including key points and examples."
What is topic number 353?,"Topic number 353 refers to the detailed explanation about subject 353, including key points and examples."
What is topic number 354?,"Topic number 354 refers to the detailed explanation about subject 354, including key points and examples."
What is topic number 355?,"Topic number 355 refers to the detailed explanation about subject 355, including key points and examples."
What is topic number 356?,"Topic number 356 refers to the detailed explanation about subject 356, including key points and examples."
What is topic number 357?,"Topic number 357 refers to the detailed explanation about subject 357, including key points and examples."
What is topic number 358?,"Topic number 358 refers to the detailed explanation about subject 358, including key points and examples."
What is topic number 359?,"Topic number 359 refers to the detailed explanation about subject 359, including key points and examples."
What is topic number 360?,"Topic number 360 refers to the detailed explanation about subject 360, including key points and examples."
What is topic number 361?,"Topic number 361 refers to the detailed explanation about subject 361, including key points and examples."
What is topic number 362?,"Topic number 362 refers to the detailed explanation about subject 362, including key points and examples."
What is topic number 363?,"Topic number 363 refers to the detailed explanation about subject 363, including key points and examples."
What is topic number 364?,"Topic number 364 refers to the detailed explanation about subject 364, including key points and examples."
What is topic number 365?,"Topic number 365 refers to the detailed explanation about subject 365, including key points and examples."
What is topic number 366?,"Topic number 366 refers to the detailed explanation about subject 366, including key points and examples."
What is topic number 367?,"Topic number 367 refers to the detailed explanation about subject 367, including key points and examples."
What is topic number 368?,"Topic number 368 refers to the detailed explanation about subject 368, including key points and examples."
What is topic number 369?,"Topic number 369 refers to the detailed explanation about subject 369, including key points and examples."
What is topic number 370?,"Topic number 370 refers to the detailed explanation about subject 370, including key points and examples."
What is topic number 371?,"Topic number 371 refers to the detailed explanation about subject 371, including key points and examples."
What is topic number 372?,"Topic number 372 refers to the detailed explanation about subject 372, including key points and examples."
What is topic number 373?,"Topic number 373 refers to the detailed explanation about subject 373, including key points and examples."
What is topic number 374?,"Topic number 374 refers to the detailed explanation about subject 374, including key points and examples."
What is topic number 375?,"Topic number 375 refers to the detailed explanation about subject 375, including key points and examples."
What is topic number 376?,"Topic number 376 refers to the detailed explanation about subject 376, including key points and examples."
What is topic number 377?,"Topic number 377 refers to the detailed explanation about subject 377, including key points and examples."
What is topic number 378?,"Topic number 378 refers to the detailed explanation about subject 378, including key points and examples."
What is topic number 379?,"Topic number 379 refers to the detailed explanation about subject 379, including key points and examples."
What is topic number 380?,"Topic number 380 refers to the detailed explanation about subject 380, including key points and examples."
What is topic number 381?,"Topic number 381 refers to the detailed explanation about subject 381, including key points and examples."
What is topic number 382?,"Topic number 382 refers to the detailed explanation about subject 382, including key points and examples."
What is topic number 383?,"Topic number 383 refers to the detailed explanation about subject 383, including key points and examples."
What is topic number 384?,"Topic number 384 refers to the detailed explanation about subject 384, including key points and examples."
What is topic number 385?,"Topic number 385 refers to the detailed explanation about subject 385, including key points and examples."
What is topic number 386?,"Topic number 386 refers to the detailed explanation about subject 386, including key points and examples."
What is topic number 387?,"Topic number 387 refers to the detailed explanation about subject 387, including key points and examples."
What is topic number 388?,"Topic number 388 refers to the detailed explanation about subject 388, including key points and examples."
What is topic number 389?,"Topic number 389 refers to the detailed explanation about subject 389, including key points and examples."
What is topic number 390?,"Topic number 390 refers to the detailed explanation about subject 390, including key points and examples."
What is topic number 391?,"Topic number 391 refers to the detailed explanation about subject 391, including key points and examples."
What is topic number 392?,"Topic number 392 refers to the detailed explanation about subject 392, including key points and examples."
What is topic number 393?,"Topic number 393 refers to the detailed explanation about subject 393, including key points and examples."
What is topic number 394?,"Topic number 394 refers to the detailed explanation about subject 394, including key points and examples."
What is topic number 395?,"Topic number 395 refers to the detailed explanation about subject 395, including key points and examples."
What is topic number 396?,"Topic number 396 refers to the detailed explanation about subject 396, including key points and examples."
What is topic number 397?,"Topic number 397 refers to the detailed explanation about subject 397, including key points and examples."
What is topic number 398?,"Topic number 398 refers to the detailed explanation about subject 398, including key points and examples."
What is topic number 399?,"Topic number 399 refers to the detailed explanation about subject 399, including key points and examples."
What is topic number 400?,"Topic number 400 refers to the detailed explanation about subject 400, including key points and examples."
What is topic number 401?,"Topic number 401 refers to the detailed explanation about subject 401, including key points and examples."
What is topic number 402?,"Topic number 402 refers to the detailed explanation about subject 402, including key points and examples."
What is topic number 403?,"Topic number 403 refers to the detailed explanation about subject 403, including key points and examples."
What is topic number 404?,"Topic number 404 refers to the detailed explanation about subject 404, including key points and examples."
What is topic number 405?,"Topic number 405 refers to the detailed explanation about subject 405, including key points and examples."
What is topic number 406?,"Topic number 406 refers to the detailed explanation about subject 406, including key points and examples."
What is topic number 407?,"Topic number 407 refers to the detailed explanation about subject 407, including key points and examples."
What is topic number 408?,"Topic number 408 refers to the detailed explanation about subject 408, including key points and examples."
What is topic number 409?,"Topic number 409 refers to the detailed explanation about subject 409, including key points and examples."
What is topic number 410?,"Topic number 410 refers to the detailed explanation about subject 410, including key points and examples."
What is topic number 411?,"Topic number 411 refers to the detailed explanation about subject 411, including key points and examples."
What is topic number 412?,"Topic number 412 refers to the detailed explanation about subject 412, including key points and examples."
What is topic number 413?,"Topic number 413 refers to the detailed explanation about subject 413, including key points and examples."
What is topic number 414?,"Topic number 414 refers to the detailed explanation about subject 414, including key points and examples."
What is topic number 415?,"Topic number 415 refers to the detailed explanation about subject 415, including key points and examples."
What is topic number 416?,"Topic number 416 refers to the detailed explanation about subject 416, including key points and examples."
What is topic number 417?,"Topic number 417 refers to the detailed explanation about subject 417, including key points and examples."
What is topic number 418?,"Topic number 418 refers to the detailed explanation about subject 418, including key points and examples."
What is topic number 419?,"Topic number 419 refers to the detailed explanation about subject 419, including key points and examples."
What is topic number 420?,"Topic number 420 refers to the detailed explanation about subject 420, including key points and examples."
What is topic number 421?,"Topic number 421 refers to the detailed explanation about subject 421, including key points and examples."
What is topic number 422?,"Topic number 422 refers to the detailed explanation about subject 422, including key points and examples."
What is topic number 423?,"Topic number 423 refers to the detailed explanation about subject 423, including key points and examples."
What is topic number 424?,"Topic number 424 refers to the detailed explanation about subject 424, including key points and examples."
What is topic number 425?,"Topic number 425 refers to the detailed explanation about subject 425, including key points and examples."
What is topic number 426?,"Topic number 426 refers to the detailed explanation about subject 426, including key points and examples."
What is topic number 427?,"Topic number 427 refers to the detailed explanation about subject 427, including key points and examples."
What is topic number 428?,"Topic number 428 refers to the detailed explanation about subject 428, including key points and examples."
What is topic number 429?,"Topic number 429 refers to the detailed explanation about subject 429, including key points and examples."
What is topic number 430?,"Topic number 430 refers to the detailed explanation about subject 430, including key points and examples."
What is topic number 431?,"Topic number 431 refers to the detailed explanation about subject 431, including key points and examples."
What is topic number 432?,"Topic number 432 refers to the detailed explanation about subject 432, including key points and examples."
What is topic number 433?,"Topic number 433 refers to the detailed explanation about subject 433, including key points and examples."
What is topic number 434?,"Topic number 434 refers to the detailed explanation about subject 434, including key points and examples."
What is topic number 435?,"Topic number 435 refers to the detailed explanation about subject 435, including key points and examples."
What is topic number 436?,"Topic number 436 refers to the detailed explanation about subject 436, including key points and examples."
What is topic number 437?,"Topic number 437 refers to the detailed explanation about subject 437, including key points and examples."
What is topic number 438?,"Topic number 438 refers to the detailed explanation about subject 438, including key points and examples."
What is topic number 439?,"Topic number 439 refers to the detailed explanation about subject 439, including key points and examples."
What is topic number 440?,"Topic number 440 refers to the detailed explanation about subject 440, including key points and examples."
What is topic number 441?,"Topic number 441 refers to the detailed explanation about subject 441, including key points and examples."
What is topic number 442?,"Topic number 442 refers to the detailed explanation about subject 442, including key points and examples."
What is topic number 443?,"Topic number 443 refers to the detailed explanation about subject 443, including key points and examples."
What is topic number 444?,"Topic number 444 refers to the detailed explanation about subject 444, including key points and examples."
What is topic number 445?,"Topic number 445 refers to the detailed explanation about subject 445, including key points and examples."
What is topic number 446?,"Topic number 446 refers to the detailed explanation about subject 446, including key points and examples."
What is topic number 447?,"Topic number 447 refers to the detailed explanation about subject 447, including key points and examples."
What is topic number 448?,"Topic number 448 refers to the detailed explanation about subject 448, including key points and examples."
What is topic number 449?,"Topic number 449 refers to the detailed explanation about subject 449, including key points and examples."
What is topic number 450?,"Topic number 450 refers to the detailed explanation about subject 450, including key points and examples."
What is topic number 451?,"Topic number 451 refers to the detailed explanation about subject 451, including key points and examples."
What is topic number 452?,"Topic number 452 refers to the detailed explanation about subject 452, including key points and examples."
What is topic number 453?,"Topic number 453 refers to the detailed explanation about subject 453, including key points and examples."
What is topic number 454?,"Topic number 454 refers to the detailed explanation about subject 454, including key points and examples."
What is topic number 455?,"Topic number 455 refers to the detailed explanation about subject 455, including key points and examples."
What is topic number 456?,"Topic number 456 refers to the detailed explanation about subject 456, including key points and examples."
What is topic number 457?,"Topic number 457 refers to the detailed explanation about subject 457, including key points and examples."
What is topic number 458?,"Topic number 458 refers to the detailed explanation about subject 458, including key points and examples."
What is topic number 459?,"Topic number 459 refers to the detailed explanation about subject 459, including key points and examples."
What is topic number 460?,"Topic number 460 refers to the detailed explanation about subject 460, including key points and examples."
What is topic number 461?,"Topic number 461 refers to the detailed explanation about subject 461, including key points and examples."
What is topic number 462?,"Topic number 462 refers to the detailed explanation about subject 462, including key points and examples."
What is topic number 463?,"Topic number 463 refers to the detailed explanation about subject 463, including key points and examples."
What is topic number 464?,"Topic number 464 refers to the detailed explanation about subject 464, including key points and examples."
What is topic number 465?,"Topic number 465 refers to the detailed explanation about subject 465, including key points and examples."
What is topic number 466?,"Topic number 466 refers to the detailed explanation about subject 466, including key points and examples."
What is topic number 467?,"Topic number 467 refers to the detailed explanation about subject 467, including key points and examples."
What is topic number 468?,"Topic number 468 refers to the detailed explanation about subject 468, including key points and examples."
What is topic number 469?,"Topic number 469 refers to the detailed explanation about subject 469, including key points and examples."
What is topic number 470?,"Topic number 470 refers to the detailed explanation about subject 470, including key points and examples."
What is topic number 471?,"Topic number 471 refers to the detailed explanation about subject 471, including key points and examples."
What is topic number 472?,"Topic number 472 refers to the detailed explanation about subject 472, including key points and examples."
What is topic number 473?,"Topic number 473 refers to the detailed explanation about subject 473, including key points and examples."
What is topic number 474?,"Topic number 474 refers to the detailed explanation about subject 474, including key points and examples."
What is topic number 475?,"Topic number 475 refers to the detailed explanation about subject 475, including key points and examples."
What is topic number 476?,"Topic number 476 refers to the detailed explanation about subject 476, including key points and examples."
What is topic number 477?,"Topic number 477 refers to the detailed explanation about subject 477, including key points and examples."
What is topic number 478?,"Topic number 478 refers to the detailed explanation about subject 478, including key points and examples."
What is topic number 479?,"Topic number 479 refers to the detailed explanation about subject 479, including key points and examples."
What is topic number 480?,"Topic number 480 refers to the detailed explanation about subject 480, including key points and examples."
What is topic number 481?,"Topic number 481 refers to the detailed explanation about subject 481, including key points and examples."
What is topic number 482?,"Topic number 482 refers to the detailed explanation about subject 482, including key points and examples."
What is topic number 483?,"Topic number 483 refers to the detailed explanation about subject 483, including key points and examples."
What is topic number 484?,"Topic number 484 refers to the detailed explanation about subject 484, including key points and examples."
What is topic number 485?,"Topic number 485 refers to the detailed explanation about subject 485, including key points and examples."
What is topic number 486?,"Topic number 486 refers to the detailed explanation about subject 486, including key points and examples."
What is topic number 487?,"Topic number 487 refers to the detailed explanation about subject 487, including key points and examples."
What is topic number 488?,"Topic number 488 refers to the detailed explanation about subject 488, including key points and examples."
What is topic number 489?,"Topic number 489 refers to the detailed explanation about subject 489, including key points and examples."
What is topic number 490?,"Topic number 490 refers to the detailed explanation about subject 490, including key points and examples."
What is topic number 491?,"Topic number 491 refers to the detailed explanation about subject 491, including key points and examples."
What is topic number 492?,"Topic number 492 refers to the detailed explanation about subject 492, including key points and examples."
What is topic number 493?,"Topic number 493 refers to the detailed explanation about subject 493, including key points and examples."
What is topic number 494?,"Topic number 494 refers to the detailed explanation about subject 494, including key points and examples."
What is topic number 495?,"Topic number 495 refers to the detailed explanation about subject 495, including key points and examples."
What is topic number 496?,"Topic number 496 refers to the detailed explanation about subject 496, including key points and examples."
What is topic number 497?,"Topic number 497 refers to the detailed explanation about subject 497, including key points and examples."
What is topic number 498?,"Topic number 498 refers to the detailed explanation about subject 498, including key points and examples."
What is topic number 499?,"Topic number 499 refers to the detailed explanation about subject 499, including key points and examples."
What is topic number 500?,"Topic number 500 refers to the detailed explanation about subject 500, including key points and examples."
